,name,price,brend,url,voltage,country,capacity
0,Аккумулятор 12v 7ah акб agm 1207,,SKAT,https://www.wildberries.ru/catalog/149737382/detail.aspx,12.0,Китай,7.0
1,"Аккумулятор SF 1212, 12Ач, аккумуляторная батарея 12В",,Security Force,https://www.wildberries.ru/catalog/45502816/detail.aspx,12.0,Китай,12.0
2,"Аккумулятор SF 1207, 7Ач, аккумуляторная батарея 12В",,Security Force,https://www.wildberries.ru/catalog/40724205/detail.aspx,12.0,Китай,7.0
3,Аккумулятор для ибп 12v 7 Ah F1/T1 осветительных приборов,,Thomas,https://www.wildberries.ru/catalog/166716193/detail.aspx,12.0,Китай,7.0
4,"Аккумулятор ибп 12v 7.5 Ah F2/T2 детской машинки, мотоцикла",,NPP,https://www.wildberries.ru/catalog/166716200/detail.aspx,12.0,Китай,7.5
5,"Аккумулятор для ибп 12v 12 Ah F2/T2 эхолота, фонаря, весов",,Thomas,https://www.wildberries.ru/catalog/194125715/detail.aspx,12.0,Китай,12.0
6,Аккумулятор для ибп 12v 7 Ah F1/T1 осветительных приборов,,Thomas,https://www.wildberries.ru/catalog/194125712/detail.aspx,12.0,Китай,7.0
7,Аккумулятор для ибп 12v 9 Ah F2/T2 на бесперебойник для дома,,NPP,https://www.wildberries.ru/catalog/194125708/detail.aspx,12.0,Китай,9.0
8,Аккумулятор Prometheus Energy PE 1212L 12Ah 12V для ИБП,,Prometheus Energy,https://www.wildberries.ru/catalog/223663995/detail.aspx,12.0,Китай,12.0
9,Аккумулятор Prometheus Energy PE 1218 18Ah 12V для ИБП,,Prometheus Energy,https://www.wildberries.ru/catalog/223664003/detail.aspx,12.0,Китай,18.0
10,Аккумулятор Prometheus Energy PE 1209L 9.2Ah 12V для ИБП,,Prometheus Energy,https://www.wildberries.ru/catalog/223664011/detail.aspx,12.0,Китай,9.2
11,"Аккумулятор для ибп 12v 7,2Ah F2/T2 детской машины, эхолота",,ZUBR,https://www.wildberries.ru/catalog/196431776/detail.aspx,12.0,Китай,7.2
12,"Аккумулятор для ибп 12v 12Ah F2/T2 на бесперебойник, эхолот",,NPP,https://www.wildberries.ru/catalog/194125704/detail.aspx,12.0,Китай,12.0
13,Аккумулятор 12v 18 Ah M5/T3 для охранных пожарных систем,,Thomas,https://www.wildberries.ru/catalog/194125717/detail.aspx,12.0,Китай,18.0
14,"Аккумулятор для ибп 12v 7 Ah F2/T2 видеонаблюдения, кассы",,ATLANT,https://www.wildberries.ru/catalog/168341676/detail.aspx,12.0,Китай,7.0
15,"Аккумулятор для ибп 12v 9 Ah F2/T2 весов, фонаря, насоса",,ZUBR,https://www.wildberries.ru/catalog/194125738/detail.aspx,12.0,Китай,9.0
16,Аккумулятор 12v 7 Ah F1/T1 для пожарной сигнализации,,Thomas,https://www.wildberries.ru/catalog/194125716/detail.aspx,12.0,Китай,7.0
17,"Аккумулятор для ибп 12v 5Ah F2/T2 фонариков, весов, эхолотов",,NPP,https://www.wildberries.ru/catalog/170658701/detail.aspx,12.0,Китай,5.0
18,Аккумулятор для ибп 12v 7 Ah F1/T1 радиоуправляемой машинки,,NPP,https://www.wildberries.ru/catalog/194125687/detail.aspx,12.0,Китай,7.0
19,"Аккумулятор для ибп 12v 12 Ah F2/T2 эхолота, фонаря, весов",,Thomas,https://www.wildberries.ru/catalog/170875218/detail.aspx,12.0,Китай,12.0
20,Аккумулятор для ибп 12v 5 Ah F2/T2 радиоуправляемой машинки,,ZUBR,https://www.wildberries.ru/catalog/166716199/detail.aspx,12.0,Китай,5.0
21,"Аккумулятор для ибп 12v 7.2 Ah T2 детского мотоцикла, машины",,Thomas,https://www.wildberries.ru/catalog/214740442/detail.aspx,12.0,Китай,7.2
22,"Аккумулятор для ибп 12v 7.2 Ah F2/T2 инкубатора, эхолота",,ZUBR,https://www.wildberries.ru/catalog/166716187/detail.aspx,12.0,Китай,7.2
23,Аккумулятор для ибп 12v 5 Ah F2/T2 радиоуправляемой машинки,,ZUBR,https://www.wildberries.ru/catalog/194125735/detail.aspx,12.0,Китай,5.0
24,"Аккумулятор 4v 4.5Ah F1/T1 для кассы, эхолота, фонаря, весов",,NPP,https://www.wildberries.ru/catalog/194125706/detail.aspx,4.0,Китай,4.5
25,"Аккумулятор ибп 12v 7.5 Ah F2/T2 детской машинки, мотоцикла",,NPP,https://www.wildberries.ru/catalog/194125700/detail.aspx,12.0,Китай,7.5
26,"Аккумулятор для ибп 12v 12Ah F2/T2 насосов, электропастухов",,ZUBR,https://www.wildberries.ru/catalog/194125736/detail.aspx,12.0,Китай,12.0
27,Аккумулятор LA-1270 12V 7Ah,,GoPower,https://www.wildberries.ru/catalog/90178459/detail.aspx,12.0,Китай,7.0
28,Аккумулятор 12v Yellow VL 12-12,,YELLOW,https://www.wildberries.ru/catalog/161320890/detail.aspx,12.0,Китай,12.0
29,Аккумулятор Yellow VL 12-7.5 для детского электромобиля 12v,,YELLOW,https://www.wildberries.ru/catalog/161312115/detail.aspx,12.0,Китай,7.5
30,Аккумуляторная батарея AGM 12V 7Ah 1270 для ИБП и др,,Neata Battery,https://www.wildberries.ru/catalog/188514941/detail.aspx,12.0,Китай,7.0
31,Аккумулятор LA-1290 12V 9Ah,,GoPower,https://www.wildberries.ru/catalog/90178129/detail.aspx,12.0,Китай,9.0
32,"Аккумулятор для ибп 12v 4.5Ah F2/T2 детской машины, фонарика",,NPP,https://www.wildberries.ru/catalog/194125693/detail.aspx,12.0,Китай,4.5
33,Аккумулятор 1270/security 12V 7Ah,,GoPower,https://www.wildberries.ru/catalog/90131066/detail.aspx,12.0,Китай,7.0
34,"Аккумулятор для ибп 12v 7.2 Ah F2/T2 инкубатора, эхолота",,ZUBR,https://www.wildberries.ru/catalog/194125734/detail.aspx,12.0,Китай,7.2
35,"Аккумулятор 6v 2,8 Ah F1/T1 для кассы, фонаря, весов",,NPP,https://www.wildberries.ru/catalog/194125703/detail.aspx,6.0,Китай,2.8
36,Аккумуляторная батарея AGM 12V 100Ah 12100 для ИБП и др,,Neata Battery,https://www.wildberries.ru/catalog/172580097/detail.aspx,12.0,Китай,100.0
37,"Аккумуляторная батарея КОНТАКТ КТА 12-7, 12 В 7 Ач",,,https://www.wildberries.ru/catalog/145869011/detail.aspx,12.0,Вьетнам,7.0
38,"Аккумулятор LA-1272 12V 7,2Ah",,GoPower,https://www.wildberries.ru/catalog/171408069/detail.aspx,12.0,Китай,72.0
39,Аккумулятор Delta DTM 1207 (12V / 7Ah),,DELTA BATTERY,https://www.wildberries.ru/catalog/104603912/detail.aspx,12.0,Китай,72.0
40,Аккумулятор GSL 18-12 12В 18Ач 12V 18Ah,,General Security,https://www.wildberries.ru/catalog/175329199/detail.aspx,12.0,Китай,18.0
41,Аккумуляторная батарея SVC AV9-12/S 12В 9 Ач,,SVC,https://www.wildberries.ru/catalog/170867415/detail.aspx,12.0,,9.0
42,Аккумулятор GS 9-12 12V 9Ah (12В 9Ач),,General Security,https://www.wildberries.ru/catalog/148018214/detail.aspx,12.0,Китай,9.0
43,Аккумулятор Delta DT 1207 (12V / 7Ah),,DELTA BATTERY,https://www.wildberries.ru/catalog/104602943/detail.aspx,12.0,Китай,7.0
44,Аккумулятор для бесперебойника GP 12V 100 Ач,,Sunways,https://www.wildberries.ru/catalog/111316024/detail.aspx,12.0,Китай,100.0
45,Аккумулятор ибп 12v 40Ah M6/T14 котлов и насосов отопления,,Thomas,https://www.wildberries.ru/catalog/168341680/detail.aspx,12.0,Китай,40.0
46,Аккумуляторная батарея Delta GEL 12-75 (12V / 75Ah),,Delta,https://www.wildberries.ru/catalog/166566821/detail.aspx,12.0,Китай,75.0
47,Аккумулятор для инкубатора - 12v вольт 7Ah - BT 1207,,BATBEE,https://www.wildberries.ru/catalog/33021346/detail.aspx,12.0,Китай,7.0
48,"Аккумулятор 12V, для ИБП, тяговый,12v 9ah, A12HR-36W",,Challenger,https://www.wildberries.ru/catalog/213059294/detail.aspx,12.0,Китай,9.0
49,Аккумулятор для бесперебойника GEL 12V 100 Ач,,Sunways,https://www.wildberries.ru/catalog/110739241/detail.aspx,12.0,Китай,100.0
50,Аккумулятор 12v вольт 40Ah - FB 40-12,,Alfa Battery,https://www.wildberries.ru/catalog/144688681/detail.aspx,12.0,Китай,40.0
51,Аккумуляторная батарея CSB GP1272 F2 (12V28W),,CSB Battery,https://www.wildberries.ru/catalog/151516704/detail.aspx,12.0,,28.0
52,Аккумуляторная батарея КТ 12-17 12V 17А/ч Контакт,,unisistem,https://www.wildberries.ru/catalog/157004264/detail.aspx,12.0,Вьетнам,17.0
53,Аккумулятор Prometheus Energy PE 1218L 18Ah 12V для ИБП,,Prometheus Energy,https://www.wildberries.ru/catalog/223664004/detail.aspx,12.0,Китай,18.0
54,"Аккумулятор BT 12045 12V 4.5Ah 12В 4,5Ач",,Battbee,https://www.wildberries.ru/catalog/95655027/detail.aspx,12.0,Китай,4.5
55,"Батарея SVEN SV 1290 (12V 9Ah), F1",,Sven,https://www.wildberries.ru/catalog/71651284/detail.aspx,12.0,Китай,9.0
56,Аккумуляторная батарея Security Power SP 12-7 F1 12V/7Ah,,security power,https://www.wildberries.ru/catalog/142544030/detail.aspx,12.0,Китай,7.0
57,Аккумулятор Prometheus Energy PE 1207 7.2Ah 12V для ИБП,,Prometheus Energy,https://www.wildberries.ru/catalog/223663996/detail.aspx,12.0,Китай,7.2
58,Аккумулятор Prometheus Energy PE 1212 12Ah 12V для ИБП,,Prometheus Energy,https://www.wildberries.ru/catalog/223664002/detail.aspx,12.0,Китай,12.0
59,Аккумулятор Prometheus Energy PE 1234W 9Ah 12V для ИБП,,Prometheus Energy,https://www.wildberries.ru/catalog/223664001/detail.aspx,12.0,Китай,9.0
60,Аккумулятор SF 1212 12V 12Ah 12В 12Ач,,Security Force,https://www.wildberries.ru/catalog/92518748/detail.aspx,12.0,Китай,12.0
61,Аккумулятор Prometheus Energy PE 1207 7.2Ah 12V для ИБП,,Prometheus Energy,https://www.wildberries.ru/catalog/223664006/detail.aspx,12.0,Китай,7.0
62,"Аккумуляторная батарея GS 12В 9АЧ для систем охраны, ИБП",,General Security,https://www.wildberries.ru/catalog/142614077/detail.aspx,12.0,Китай,9.0
63,Аккумуляторная батарея Battbee BT 1207 12V 7Ah,,Battbee,https://www.wildberries.ru/catalog/172942431/detail.aspx,12.0,Китай,7.0
64,Аккумулятор Prometheus Energy PE 1209 9.2Ah 12V для ИБП,,Prometheus Energy,https://www.wildberries.ru/catalog/223663999/detail.aspx,12.0,Китай,9.2
65,Аккумулятор ALFA FB 7.2-12 12V 7 Ah 12В 7.2Ач,,Alfa Battery,https://www.wildberries.ru/catalog/139044381/detail.aspx,12.0,Китай,7.2
66,Аккумулятор 12v вольт 7Ah - SF 1207,,Security Force,https://www.wildberries.ru/catalog/34858079/detail.aspx,,Китай,7.0
67,"Аккумуляторная батарея КОНТАКТ КТ 12-40, 12 В 40 Ач",,,https://www.wildberries.ru/catalog/145869021/detail.aspx,12.0,Вьетнам,40.0
68,Аккумулятор 12в 9ач GP-S 12-9,,ЭТК Энергия,https://www.wildberries.ru/catalog/216797040/detail.aspx,12.0,Китай,9.0
69,Аккумулятор BT 1207 12v 7ah,,Battbee,https://www.wildberries.ru/catalog/91110306/detail.aspx,12.0,Китай,7.0
70,Аккумулятор для детского электромобиля premium,,world brands of Russia,https://www.wildberries.ru/catalog/165460551/detail.aspx,,,
71,"Аккумулятор для детскогo электромобиля, электромотоцикла.",,world brands of Russia,https://www.wildberries.ru/catalog/153292382/detail.aspx,,,
72,Аккумулятор 12v вольт 7Ah - BT 1207,,BATBEE,https://www.wildberries.ru/catalog/34857664/detail.aspx,12.0,Китай,7.0
73,"Аккумуляторная батарея КОНТАКТ КТ 12-4.5, 12 В 4.5 Ач",,,https://www.wildberries.ru/catalog/145869005/detail.aspx,12.0,Вьетнам,4.5
74,Аккумулятор Delta DT 1207 12V 7Ah AGM,,DELTA BATTERY,https://www.wildberries.ru/catalog/93058015/detail.aspx,12.0,Китай,7.0
75,Аккумулятор 12v вольт 7Ah - HR 12-7.2,,Delta,https://www.wildberries.ru/catalog/35643156/detail.aspx,12.0,Китай,7.2
76,Аккумулятор 12v вольт 7.2 Ah - CSB GP 1272 F2 (28W),,CSB,https://www.wildberries.ru/catalog/200549017/detail.aspx,,Вьетнам,7.2
77,Тяговый аккумулятор ELTRECO ОТ12-12 (6-F-12) 12V 12A/H,,Eltreco,https://www.wildberries.ru/catalog/177398631/detail.aspx,12.0,Китай,12.0
78,Аккумулятор BT 12045 12v 4.5ah,,Battbee,https://www.wildberries.ru/catalog/91110307/detail.aspx,12.0,Китай,4.5
79,Аккумулятор для детского электромобиля premium,,world brands of Russia,https://www.wildberries.ru/catalog/156760642/detail.aspx,,,
80,Аккумулятор CK 1218 12v 18Ah,,Восток,https://www.wildberries.ru/catalog/42729553/detail.aspx,12.0,Китай,18.0
81,Аккумуляторная батарея AGM 12V 55Ah 1255 для ИБП и др,,Neata Battery,https://www.wildberries.ru/catalog/172398520/detail.aspx,12.0,Китай,55.0
82,Аккумулятор 12в 7ач GP-S 12-7,,ЭТК Энергия,https://www.wildberries.ru/catalog/216797039/detail.aspx,12.0,Китай,7.0
83,Аккумулятор DJM 1275H 12V 75Ah 12В 75Ач,,LEOCH,https://www.wildberries.ru/catalog/176048608/detail.aspx,12.0,Китай,75.0
84,Аккумулятор для бесперебойника GEL 12V 200 Ач,,Sunways,https://www.wildberries.ru/catalog/158552504/detail.aspx,12.0,Китай,200.0
85,"Батарея SVEN SV 1272 (12V 7,2Ah)",,Sven,https://www.wildberries.ru/catalog/71652380/detail.aspx,12.0,Китай,9.0
86,Аккумулятор для бесперебойника GEL 12V 150 Ач,,Sunways,https://www.wildberries.ru/catalog/158552503/detail.aspx,12.0,Китай,150.0
87,Аккумулятор SF 12012 12V 1.2Ah 12В 1.2Ач,,Security Force,https://www.wildberries.ru/catalog/92518742/detail.aspx,12.0,Китай,1.2
88,"Аккумулятор КТ 12-7,2 (12V 7,2AH)",,Аккумуляторы КОНТАКТ,https://www.wildberries.ru/catalog/166790951/detail.aspx,12.0,Вьетнам,72.0
89,Аккумулятор 12V 1.2 Аh,,Электрон34,https://www.wildberries.ru/catalog/138983786/detail.aspx,12.0,Китай,
90,Аккумулятор для ибп 12v 9 Ah F2/T2 на бесперебойник для дома,,NPP,https://www.wildberries.ru/catalog/166716192/detail.aspx,12.0,Китай,9.0
91,"Аккумуляторная батарея КОНТАКТ КТ 12-17, 12 В 17 Ач",,,https://www.wildberries.ru/catalog/145869016/detail.aspx,12.0,Вьетнам,17.0
92,"Аккумулятор DJW 12-0,8, 0,8Ач, аккумуляторная батарея 12В",,LEOCH,https://www.wildberries.ru/catalog/51279835/detail.aspx,12.0,Китай,0.8
93,"Аккумулятор Delta DTM 12012 12V (1,2 Ач)",,DELTA BATTERY,https://www.wildberries.ru/catalog/102303061/detail.aspx,12.0,Китай,1.2
94,"Аккумулятор для детскогo электромобиля, электромотоцикла.",,world brands of Russia,https://www.wildberries.ru/catalog/153292381/detail.aspx,,,
95,FIAMM 12FGHL22 12V/5Ah,,FIAMM,https://www.wildberries.ru/catalog/168484254/detail.aspx,12.0,Китай,5.0
96,Аккумулятор ALFA FB 7.2-12 12V 7 Ah 12В 7.2Ач,,Alfa Battery,https://www.wildberries.ru/catalog/221826953/detail.aspx,12.0,Китай,7.2
97,Аккумулятор Delta DTM 1255 L 12V 55Ah,,DELTA BATTERY,https://www.wildberries.ru/catalog/93074185/detail.aspx,12.0,Китай,55.0
98,"Аккумулятор для детскогo электромобиля, электромотоцикла.",,world brands of Russia,https://www.wildberries.ru/catalog/153292385/detail.aspx,,,
99,"Аккумулятор BT 12012 12V 1.2Ah 12В 1,2Ач",,Battbee,https://www.wildberries.ru/catalog/95659653/detail.aspx,12.0,Китай,1.2
100,Аккумулятор SF 1207 12V 7Ah 12В 7Ач,,Security Force,https://www.wildberries.ru/catalog/92518747/detail.aspx,12.0,Китай,7.0
101,Аккумулятор Delta DTM 1209 12V 9Ah AGM,,DELTA BATTERY,https://www.wildberries.ru/catalog/92110871/detail.aspx,12.0,Китай,9.0
102,"Батарея SVEN SV 1270 (12V 7Ah), F2",,Sven,https://www.wildberries.ru/catalog/71660137/detail.aspx,12.0,Китай,9.0
103,Аккумулятор LA-1245 12V 4.5Ah,,GoPower,https://www.wildberries.ru/catalog/90168452/detail.aspx,12.0,Китай,4.5
104,General Security Аккумулятор 1.2Ah 12v GS 1.2-12,,General Security,https://www.wildberries.ru/catalog/161193223/detail.aspx,12.0,Китай,1.2
105,Аккумулятор Kijo 12V 6-DZF-12Ah (M5),,KIJO,https://www.wildberries.ru/catalog/161870243/detail.aspx,12.0,Китай,12.0
106,"Аккумулятор ALFA FB 1.2-12 12V 1.2Ah 12В 1,2Ач",,Alfa Battery,https://www.wildberries.ru/catalog/139044382/detail.aspx,12.0,Китай,
107,"Батарея SVEN SV 12120 (12V 12Ah), F2",,Sven,https://www.wildberries.ru/catalog/72683714/detail.aspx,12.0,Китай,9.0
108,Аккумулятор BT 1212 12V 12Ah 12В 12Ач,,Battbee,https://www.wildberries.ru/catalog/95655030/detail.aspx,12.0,Китай,12.0
109,"Аккумулятор для бесперебойника GP 12V 7,2 Ач",,Sunways,https://www.wildberries.ru/catalog/83985306/detail.aspx,12.0,Китай,72.0
110,"Аккумуляторная батарея GS 12В 4,5АЧ для фонаря, ИБП",,General Security,https://www.wildberries.ru/catalog/142614058/detail.aspx,12.0,Китай,4.5
111,Аккумулятор 12V DTM 1209,,DELTA BATTERY,https://www.wildberries.ru/catalog/43052885/detail.aspx,12.0,Китай,9.0
112,"Аккумулятор GSL 1.2-12 1.2Ач 12V 1,2Ah",,General Security,https://www.wildberries.ru/catalog/175316104/detail.aspx,12.0,Китай,1.2
113,Аккумулятор Delta DTM 12045 12v 4.5Ah,,DELTA BATTERY,https://www.wildberries.ru/catalog/33788778/detail.aspx,12.0,Китай,4.5
114,"Аккумулятор для детскогo электромобиля, электромотоцикла.",,world brands of Russia,https://www.wildberries.ru/catalog/153292379/detail.aspx,,,
115,Аккумулятор DTM 1207 12v 7Ah,,DELTA BATTERY,https://www.wildberries.ru/catalog/33788764/detail.aspx,12.0,Китай,7.0
116,"Батарея SVEN SV 12170 (12V 17Ah), T1",,Sven,https://www.wildberries.ru/catalog/72684051/detail.aspx,12.0,Китай,9.0
117,Аккумулятор для детского электромобиля premium,,world brands of Russia,https://www.wildberries.ru/catalog/156760637/detail.aspx,,,
118,Аккумулятор Delta HR 12-51W 12V 12Ah AGM,,DELTA BATTERY,https://www.wildberries.ru/catalog/93072951/detail.aspx,12.0,Китай,12.0
119,Аккумулятор HRL 12-26 X 12v 28Ah,,DELTA BATTERY,https://www.wildberries.ru/catalog/33788698/detail.aspx,12.0,Китай,28.0
120,Аккумуляторная батарея КТ 12-7.2 12V 7.2А/ч Контакт,,,https://www.wildberries.ru/catalog/157038023/detail.aspx,,,
121,Аккумулятор для детского электромобиля premium,,world brands of Russia,https://www.wildberries.ru/catalog/156760639/detail.aspx,,,
122,"Аккумулятор для детскогo электромобиля, электромотоцикла.",,world brands of Russia,https://www.wildberries.ru/catalog/153292383/detail.aspx,,,
123,Аккумулятор Kijo 12V 12 Ah (F2),,KIJO,https://www.wildberries.ru/catalog/155194005/detail.aspx,12.0,Китай,12.0
124,"Аккумуляторная батарея КОНТАКТ КТ 12-12, 12 В 12 Ач",,,https://www.wildberries.ru/catalog/145869015/detail.aspx,12.0,Вьетнам,12.0
125,Аккумуляторная батарея LEOCH DJW12-7.0 12 В 7.0 Ач,,LEOCH,https://www.wildberries.ru/catalog/145562292/detail.aspx,12.0,Китай,7.0
126,Аккумулятор Delta GEL 12-55 (12V / 55Ah),,DELTA BATTERY,https://www.wildberries.ru/catalog/150041727/detail.aspx,12.0,Китай,55.0
127,Аккумулятор 12V DTM 12008,,DELTA BATTERY,https://www.wildberries.ru/catalog/89153428/detail.aspx,12.0,Китай,0.8
128,Аккумулятор Восток СК 1209 12V 9Ah AGM,,ВОСТОК PRO,https://www.wildberries.ru/catalog/139012195/detail.aspx,12.0,Китай,9.0
129,Аккумулятор 12v вольт 7Ah - FB 7.2-12,,Alfa Battery,https://www.wildberries.ru/catalog/36010407/detail.aspx,12.0,Китай,7.2
130,Аккумуляторная батарея Delta CGD 12-12 (12V / 12Ah),,Delta,https://www.wildberries.ru/catalog/166564627/detail.aspx,12.0,Китай,12.0
131,Аккумулятор DT 12032 12v 3.3Ah,,DELTA BATTERY,https://www.wildberries.ru/catalog/103959095/detail.aspx,12.0,Китай,3.3
132,"Аккумулятор для ибп 12v 18 Ah M5/T3 котла, весов, компьютера",,NPP,https://www.wildberries.ru/catalog/194125701/detail.aspx,12.0,Китай,18.0
133,Аккумулятор GEL 12V 15Ah для ИБП свинцово-кислотный,,Asterion Battery,https://www.wildberries.ru/catalog/185070424/detail.aspx,12.0,Китай,15.0
134,Аккумулятор GP 1290 F2 12В 9Ач 12V 9Ah,,WBR,https://www.wildberries.ru/catalog/195832940/detail.aspx,12.0,Китай,9.0
135,Аккумуляторная батарея AGM 12V 9Ah 1209 для ИБП и др,,Neata Battery,https://www.wildberries.ru/catalog/172398514/detail.aspx,12.0,Китай,9.0
136,Аккумулятор 12V DT 12045,,DELTA BATTERY,https://www.wildberries.ru/catalog/78473492/detail.aspx,12.0,Китай,4.5
137,Аккумулятор Prometheus Energy PE 1218 (18Ah 12V) для ИБП,,Prometheus Energy,https://www.wildberries.ru/catalog/223673788/detail.aspx,12.0,Китай,18.0
138,Аккумулятор Prometheus Energy PE 1218L (18Ah 12V) для ИБП,,Prometheus Energy,https://www.wildberries.ru/catalog/223673791/detail.aspx,12.0,Китай,18.0
139,Аккумулятор Prometheus Energy PE 1209L (9.2Ah 12V) для ИБП,,Prometheus Energy,https://www.wildberries.ru/catalog/223673799/detail.aspx,12.0,Китай,9.2
140,Аккумулятор Prometheus Energy PE 1209 (9.2Ah 12V) для ИБП,,Prometheus Energy,https://www.wildberries.ru/catalog/223673797/detail.aspx,12.0,Китай,9.2
141,Аккумулятор Prometheus Energy PE 1207 (7.2Ah 12V) для ИБП,,Prometheus Energy,https://www.wildberries.ru/catalog/223673786/detail.aspx,12.0,Китай,7.0
142,Аккумулятор Prometheus Energy PE 1207 (7.2Ah 12V) для ИБП,,Prometheus Energy,https://www.wildberries.ru/catalog/223673795/detail.aspx,12.0,Китай,7.2
143,Аккумулятор GS 40-12 12V 40Ah (12В 40Ач),,General Security,https://www.wildberries.ru/catalog/148018209/detail.aspx,12.0,Китай,40.0
144,Аккумуляторная батарея GS 12В 12АЧ для ИБП,,General Security,https://www.wildberries.ru/catalog/142614080/detail.aspx,12.0,Китай,12.0
145,Аккумуляторная батарея Kiper UPS-12360 F2 12V/8Ah,,Kiper Power,https://www.wildberries.ru/catalog/142543789/detail.aspx,12.0,Китай,8.0
146,Аккумулятор 12V DT 12012,,DELTA BATTERY,https://www.wildberries.ru/catalog/42952627/detail.aspx,12.0,Китай,1.2
147,Аккумулятор CGD 1212 12v 12Ah,,DELTA BATTERY,https://www.wildberries.ru/catalog/41606603/detail.aspx,12.0,Китай,12.0
148,Аккумулятор свинцово-кислотный GoPower LA-1212 12V 1.2Ah,,GoPower,https://www.wildberries.ru/catalog/43523876/detail.aspx,12.0,Китай,12.0
149,Аккумулятор BT 1218 12V 18Ah 12В 18Ач,,Battbee,https://www.wildberries.ru/catalog/95655032/detail.aspx,12.0,Китай,18.0
150,Аккумулятор 12V вольт 17Ah - SF 1217,,Security Force,https://www.wildberries.ru/catalog/34858114/detail.aspx,,Китай,17.0
151,"Аккумулятор Delta DTM 12008 12V (0,8 Ач)",,DELTA BATTERY,https://www.wildberries.ru/catalog/102300775/detail.aspx,12.0,Китай,0.8
152,Аккумулятор BT 1218 12v 18Ah,,Battbee,https://www.wildberries.ru/catalog/91110304/detail.aspx,12.0,Китай,18.0
153,Аккумулятор BT 12012 12v 1.2ah,,Battbee,https://www.wildberries.ru/catalog/91110313/detail.aspx,12.0,Китай,1.2
154,Аккумулятор CK 1212 12v 12Ah,,Восток,https://www.wildberries.ru/catalog/41823443/detail.aspx,12.0,Китай,12.0
155,Аккумулятор свинцово-кислотный GoPower LA-1270 12V 7Ah,,GoPower,https://www.wildberries.ru/catalog/141586382/detail.aspx,12.0,Китай,7.0
156,"Аккумуляторная батарея КОНТАКТ КТ 12-2.2, 12 В 2.2 Ач",,,https://www.wildberries.ru/catalog/145869020/detail.aspx,12.0,Вьетнам,2.2
157,Аккумуляторная батарея Рубин 12V 200Ah AGM для ИБП,,Рубин Электротехническая компания,https://www.wildberries.ru/catalog/136420255/detail.aspx,12.0,Китай,200.0
158,Аккумуляторная батарея Рубин 12V 150Ah AGM для ИБП,,Рубин электротехническая компания,https://www.wildberries.ru/catalog/223910943/detail.aspx,,Китай,150.0
159,Аккумулятор Prometheus Energy PE 1212 (12Ah 12V) для ИБП,,Prometheus Energy,https://www.wildberries.ru/catalog/223673789/detail.aspx,12.0,Китай,12.0
160,Аккумулятор Prometheus Energy PE 1212L (12Ah 12V) для ИБП,,Prometheus Energy,https://www.wildberries.ru/catalog/223673793/detail.aspx,12.0,Китай,12.0
161,Аккумулятор Prometheus Energy PE 1234W (9Ah 12V) для ИБП,,Prometheus Energy,https://www.wildberries.ru/catalog/223673784/detail.aspx,12.0,Китай,9.0
162,Аккумулятор 12v 7 Ah F1/T1 для пожарной сигнализации,,Thomas,https://www.wildberries.ru/catalog/166716196/detail.aspx,12.0,Китай,7.0
163,Аккумуляторная батарея Kiper UPS-12360 F2 12V/8Ah,,Kiper Power,https://www.wildberries.ru/catalog/176195775/detail.aspx,,,
164,Аккумуляторная батарея КТ 12-17 12V 17А/ч Контакт,,unisistem,https://www.wildberries.ru/catalog/157028705/detail.aspx,12.0,Вьетнам,17.0
165,Аккумуляторная батарея КТ 12-17 12V 17А/ч Контакт,,unisistem,https://www.wildberries.ru/catalog/157027601/detail.aspx,12.0,Вьетнам,17.0
166,Аккумулятор Delta DTM 1209,,DELTA BATTERY,https://www.wildberries.ru/catalog/122880615/detail.aspx,12.0,Китай,9.0
167,Аккумулятор для детского электромобиля premium,,world brands of Russia,https://www.wildberries.ru/catalog/156760641/detail.aspx,,,
168,Аккумулятор HRL 12-55 X 12v 55Ah,,DELTA BATTERY,https://www.wildberries.ru/catalog/33788817/detail.aspx,12.0,Китай,55.0
169,Аккумулятор Kijo 12V 9 Ah (F2),,KIJO,https://www.wildberries.ru/catalog/155397319/detail.aspx,12.0,Китай,9.0
170,Аккумуляторная батарея GS 12В 18АЧ для ИБП,,General Security,https://www.wildberries.ru/catalog/142614068/detail.aspx,12.0,Китай,18.0
171,"АККУМУЛЯТОР DELTA HR 12-5,8 12V 5.8 Ач",,DELTA BATTERY,https://www.wildberries.ru/catalog/102300777/detail.aspx,12.0,Китай,5.8
172,Аккумулятор DJW 12-9.0 12V 9Ah 12В 9Ач,,LEOCH,https://www.wildberries.ru/catalog/175917954/detail.aspx,12.0,Китай,9.0
173,General Security АКБ 4.5Ah 12v GS 4.5-12,,General Security,https://www.wildberries.ru/catalog/161193237/detail.aspx,12.0,Китай,4.5
174,Аккумулятор 12v вольт 2.2Ah - SF 12022,,Security Force,https://www.wildberries.ru/catalog/34858072/detail.aspx,,Китай,2.2
175,Аккумулятор для бесперебойника GEL 12V 55 Ач,,Sunways,https://www.wildberries.ru/catalog/83985320/detail.aspx,12.0,Китай,55.0
176,Аккумулятор 12v вольт 9Ah - GS 9-12,,General Security,https://www.wildberries.ru/catalog/146240866/detail.aspx,12.0,,9.0
177,Батарея аккумуляторная AGM 12V 7 Ah коробка Optimus,,Rexant,https://www.wildberries.ru/catalog/170732781/detail.aspx,12.0,Китай,7.0
178,Аккумулятор BT 1226 12v 26ah,,Battbee,https://www.wildberries.ru/catalog/91110314/detail.aspx,12.0,Китай,26.0
179,Аккмулятор CGD 1208 12v 8Ah,,DELTA BATTERY,https://www.wildberries.ru/catalog/160946417/detail.aspx,12.0,Китай,8.0
180,"Аккумулятор ALFA FB 3.2-12 12V 3.2Ah 12В 3,2Ач",,Alfa Battery,https://www.wildberries.ru/catalog/139044374/detail.aspx,12.0,Китай,3.2
181,Аккумуляторная батарея AGM 12V 7.2Ah 1272 для ИБП и др,,Neata Battery,https://www.wildberries.ru/catalog/172398513/detail.aspx,12.0,Китай,72.0
182,Аккумулятор ALFA FB 7.2-12 12v 7.2Ah для ИПБ,,Alfa Battery,https://www.wildberries.ru/catalog/149526769/detail.aspx,12.0,Китай,7.2
183,Аккумулятор 12V вольт 12Ah - FB 12-12,,Alfa Battery,https://www.wildberries.ru/catalog/36010416/detail.aspx,12.0,Китай,12.0
184,Аккумулятор для ИБП,,CSB Battery,https://www.wildberries.ru/catalog/178016034/detail.aspx,12.0,,28.0
185,Комплект аккумуляторов для детского электромобиля,,world brands of Russia,https://www.wildberries.ru/catalog/169795533/detail.aspx,,Китай,
186,Аккумулятор 12v вольт 1.2Ah - FB 1.2-12,,Alfa Battery,https://www.wildberries.ru/catalog/145655765/detail.aspx,12.0,,1.2
187,Аккумулятор DTM 1226 12v 26Ah,,DELTA BATTERY,https://www.wildberries.ru/catalog/33788729/detail.aspx,12.0,Китай,26.0
188,"Аккумуляторная батарея КТ 12-4.5 12V 4,5А/ч Контакт",,unisistem,https://www.wildberries.ru/catalog/157008973/detail.aspx,12.0,Вьетнам,4.5
189,Аккумулятор RuTrike 6-F-9 9Ah 12V для ИБП и детских машинок,,RuTrike,https://www.wildberries.ru/catalog/148127095/detail.aspx,12.0,Китай,9.0
190,Аккумулятор для бесперебойника GP 12V 75 Ач,,Sunways,https://www.wildberries.ru/catalog/139839046/detail.aspx,12.0,Китай,75.0
191,Аккумулятор для бесперебойника GEL 12V 75 Ач,,Sunways,https://www.wildberries.ru/catalog/144823356/detail.aspx,12.0,Китай,75.0
192,Аккумулятор 12V вольт 17Ah - DTM 1217,,Delta,https://www.wildberries.ru/catalog/34858384/detail.aspx,12.0,Китай,17.0
193,Батарея для ИПБ GSL 65-12 12 Вольт 65 Ач / 12V 65AH,,General Security,https://www.wildberries.ru/catalog/91249730/detail.aspx,,,
194,УЦЕНКА! Аккумулятор 12V DTM 1212,,DELTA BATTERY,https://www.wildberries.ru/catalog/223641575/detail.aspx,12.0,Китай,12.0
195,УЦЕНКА! Аккумулятор 12V DT 12022,,DELTA BATTERY,https://www.wildberries.ru/catalog/223641577/detail.aspx,12.0,Китай,22.0
196,"Аккумулятор SF 12045 12V 4.5Ah 12В 4,5Ач",,Security Force,https://www.wildberries.ru/catalog/92518754/detail.aspx,12.0,Китай,4.5
197,Аккумулятор Delta HR 12-9 12V (9 Ач),,DELTA BATTERY,https://www.wildberries.ru/catalog/102303055/detail.aspx,12.0,Китай,9.0
198,Аккумулятор DTM 12012 12v 1.2Ah,,DELTA BATTERY,https://www.wildberries.ru/catalog/33788807/detail.aspx,12.0,Китай,1.2
199,Аккумулятор ALFA FB 18-12 12V 18Ah 12В 18Ач,,Alfa Battery,https://www.wildberries.ru/catalog/139044384/detail.aspx,12.0,Китай,18.0
200,Аккумулятор 12V вольт 12Ah - BT 1212,,BATBEE,https://www.wildberries.ru/catalog/85978299/detail.aspx,12.0,Китай,12.0
201,Батарея FB 7-12 Вольт 7 Ач / 12V 7AH для инкубаторов,,Alfa Battery,https://www.wildberries.ru/catalog/91179120/detail.aspx,,Китай,
202,"Аккумулятор для бесперебойника GP 12V 1,2 Ач",,Sunways,https://www.wildberries.ru/catalog/83985304/detail.aspx,12.0,Китай,12.0
203,"Аккумуляторная батарея GS 12В 1,2АЧ для детской машинки",,General Security,https://www.wildberries.ru/catalog/142614063/detail.aspx,12.0,Китай,1.2
204,"Аккумуляторная батарея WBR GP 1272 F2 (28W), 12 В 7.2 Ач",,WBR,https://www.wildberries.ru/catalog/146601399/detail.aspx,12.0,Китай,7.2
205,Аккумулятор 12V 2.2Аh,,ROBITON,https://www.wildberries.ru/catalog/176318733/detail.aspx,12.0,Китай,22.0
206,Аккумулятор Delta DTM 1212 12V 12Ah AGM,,DELTA BATTERY,https://www.wildberries.ru/catalog/92110874/detail.aspx,12.0,Китай,12.0
207,Аккумулятор для бесперебойника GP 12V 120 Ач,,Sunways,https://www.wildberries.ru/catalog/111316026/detail.aspx,12.0,Китай,120.0
208,General Security АКБ 18Ah 12v GS 18-12,,General Security,https://www.wildberries.ru/catalog/161193227/detail.aspx,12.0,Китай,18.0
209,Аккумулятор 12V DTM 12022,,DELTA BATTERY,https://www.wildberries.ru/catalog/89153410/detail.aspx,12.0,Китай,2.2
210,Аккумулятор SF 1217 12V 17Ah 12В 17Ач,,Security Force,https://www.wildberries.ru/catalog/92518750/detail.aspx,12.0,Китай,17.0
211,"Батарея SVEN SV 1250 (12V 5Ah), F1",,Sven,https://www.wildberries.ru/catalog/72683511/detail.aspx,,Китай,
212,Аккумуляторная батарея Delta DTM1226 12v 26Ah АКБ для ИБП,,DELTA BATTERY,https://www.wildberries.ru/catalog/159136592/detail.aspx,12.0,Тайвань,26.0
213,Delta DT 1240 (12V / 40Ah),,delta battery,https://www.wildberries.ru/catalog/153621760/detail.aspx,12.0,Тайвань,40.0
214,"Аккумулятор для ибп 12v 6 Ah F2/T2 игрушечной машины, весов",,ZUBR,https://www.wildberries.ru/catalog/166716212/detail.aspx,12.0,Китай,6.0
215,Аккумулятор CGD 1255 12v 55Ah,,DELTA BATTERY,https://www.wildberries.ru/catalog/41607402/detail.aspx,12.0,Китай,55.0
216,Аккумулятор 12V 12.0Аh,,Robiton,https://www.wildberries.ru/catalog/200165798/detail.aspx,12.0,Китай,12.0
217,"Аккумулятор Leoch US 12-3.5 12V 3,5Ah 12В 3.5Ач",,UPLUS,https://www.wildberries.ru/catalog/203253475/detail.aspx,12.0,Китай,35.0
218,Аккумуляторная батарея 12В 7АЧ комплект из 2 штук для ИБП,,Alfa Battery,https://www.wildberries.ru/catalog/140120359/detail.aspx,12.0,Китай,7.0
219,Аккумулятор для бесперебойника GP 12V 55 Ач,,Sunways,https://www.wildberries.ru/catalog/83985309/detail.aspx,12.0,Китай,55.0
220,"Аккумулятор ибп 12v 65Ah M6/T14 компьютера, котла, освещения",,Thomas,https://www.wildberries.ru/catalog/194125718/detail.aspx,12.0,Китай,65.0
221,Аккумулятор HR 12-5,,YELLOW,https://www.wildberries.ru/catalog/176195754/detail.aspx,,,
222,"Аккумулятор Delta HR 12-7,2 12V (7,2 Ач)",,DELTA BATTERY,https://www.wildberries.ru/catalog/102303054/detail.aspx,12.0,Китай,7.2
223,Аккумулятор Delta HR 12-5 12V (5 Ач),,DELTA BATTERY,https://www.wildberries.ru/catalog/102303048/detail.aspx,12.0,Китай,5.0
224,Аккумулятор Delta DT 12045 12V 4.5Ah AGM,,DELTA BATTERY,https://www.wildberries.ru/catalog/93057909/detail.aspx,12.0,Китай,4.5
225,Аккумуляторная батарея GP1272 F2 (12V28W),,CSB,https://www.wildberries.ru/catalog/141113083/detail.aspx,12.0,Тайвань,
226,Аккумулятор RuTrike 6-F-7 7Ah 12V для ИБП и детских машинок,,RuTrike,https://www.wildberries.ru/catalog/148127106/detail.aspx,12.0,Китай,7.0
227,Аккумуляторная батарея Delta GEL 12-26 12v 26Ah,,DELTA BATTERY,https://www.wildberries.ru/catalog/33788733/detail.aspx,12.0,Китай,26.0
228,Аккумулятор Delta GX 12-55 12v 55Ah,,DELTA BATTERY,https://www.wildberries.ru/catalog/91110331/detail.aspx,12.0,Китай,55.0
229,Аккумулятор HR 12-21W 12V 5Ah,,DELTA BATTERY,https://www.wildberries.ru/catalog/33788736/detail.aspx,12.0,Китай,5.0
230,Аккумулятор GP 12-7 S 7Ач 12в,,ЭТК Энергия,https://www.wildberries.ru/catalog/187221899/detail.aspx,12.0,Китай,7.0
231,Аккумулятор 12v вольт 2.3Ah - GS 2.3-12,,General Security,https://www.wildberries.ru/catalog/146240834/detail.aspx,12.0,,2.3
232,Аккумулятор 12v вольт 1.2Ah - DT 12012,,Delta,https://www.wildberries.ru/catalog/34858822/detail.aspx,,Китай,
233,"Аккумулятор Delta DTM 12022 12V (2,2 Ач)",,DELTA BATTERY,https://www.wildberries.ru/catalog/102303058/detail.aspx,12.0,Китай,2.2
234,Аккумулятор свинцово-кислотный LA-1290 12V 9Ah,,GoPower,https://www.wildberries.ru/catalog/36721064/detail.aspx,12.0,Китай,9.0
235,Аккумуляторная батарея LEOCH DJW12-4.5 12 В 4.5 Ач,,LEOCH,https://www.wildberries.ru/catalog/145562283/detail.aspx,12.0,Китай,4.5
236,Аккумулятор 12V вольт 12Ah - DT 1212,,Delta,https://www.wildberries.ru/catalog/34858835/detail.aspx,,Китай,
237,Аккумулятор RuTrike 6-GFM-6 6Ah 12V для ИБП,,RuTrike,https://www.wildberries.ru/catalog/148127143/detail.aspx,12.0,Китай,6.0
238,Аккумулятор 12V DTM 12012,,DELTA BATTERY,https://www.wildberries.ru/catalog/43052922/detail.aspx,12.0,Китай,1.2
239,Аккумулятор 12v 18 Ah M5/T3 для охранных пожарных систем,,Thomas,https://www.wildberries.ru/catalog/170875220/detail.aspx,12.0,Китай,18.0
240,"Аккумулятор ALFA FB 2.3-12 12V 2.3Ah 12В 2,3Ач",,Alfa Battery,https://www.wildberries.ru/catalog/139044372/detail.aspx,12.0,Китай,2.3
241,Аккумулятор для ибп 12v 7 Ah F1/T1 радиоуправляемой машинки,,NPP,https://www.wildberries.ru/catalog/166716209/detail.aspx,12.0,Китай,7.0
242,Аккумулятор ALFA FB 12-12 12v 12Ah для ИПБ,,Alfa Battery,https://www.wildberries.ru/catalog/149526770/detail.aspx,12.0,Китай,12.0
243,Аккумулятор Delta DTM 1217 12V 17Ah AGM,,DELTA BATTERY,https://www.wildberries.ru/catalog/92110870/detail.aspx,12.0,Китай,17.0
244,Аккумуляторная батарея КТ 12-17 12V 17А/ч Контакт,,unisistem,https://www.wildberries.ru/catalog/157027812/detail.aspx,12.0,Вьетнам,17.0
245,Аккумулятор 12V 4.5Аh,,ROBITON,https://www.wildberries.ru/catalog/176328272/detail.aspx,12.0,Китай,45.0
246,Аккумулятор 12V вольт 18Ah - FB 18-12,,Alfa Battery,https://www.wildberries.ru/catalog/34968864/detail.aspx,12.0,Китай,18.0
247,"Аккумулятор GP 1245 12В 4,5Ач 12V 4.5Ah",,WBR,https://www.wildberries.ru/catalog/195828453/detail.aspx,12.0,Китай,4.5
248,Аккумулятор Leoch USL 12-12 12V 12Ah 12В 12Ач,,UPLUS,https://www.wildberries.ru/catalog/203278078/detail.aspx,12.0,Китай,12.0
249,Аккумулятор для бесперебойника GP 12V 65 Ач,,Sunways,https://www.wildberries.ru/catalog/86001404/detail.aspx,12.0,Китай,65.0
250,Аккумулятор свинцово-кислотный Crown 12V 18 ah,,Crown Micro,https://www.wildberries.ru/catalog/213821740/detail.aspx,12.0,Китай,18.0
251,Аккумуляторная батарея КТ 12-1.2 12V 1.2А/ч Контакт,,unisistem,https://www.wildberries.ru/catalog/156999113/detail.aspx,12.0,Вьетнам,
252,Аккумулятор 12V DT 1212,,DELTA BATTERY,https://www.wildberries.ru/catalog/43052889/detail.aspx,12.0,Китай,12.0
253,Аккумулятор для ибп 12v 18Ah M5/T12 котла и насоса отопления,,ZUBR,https://www.wildberries.ru/catalog/166716202/detail.aspx,12.0,Китай,18.0
254,Аккумулятор Delta GEL 12-15 12V 15Ah,,DELTA BATTERY,https://www.wildberries.ru/catalog/93060017/detail.aspx,12.0,Китай,15.0
255,Аккумулятор Security Force SF 1212 12v 12Ah для ИПБ,,Security Force,https://www.wildberries.ru/catalog/148992702/detail.aspx,12.0,Китай,12.0
256,Аккумулятор ALFA FB 12-12 12V 12Ah 12В 12Ач,,Alfa Battery,https://www.wildberries.ru/catalog/139044375/detail.aspx,12.0,Китай,12.0
257,Аккумулятор BT 1240 12v 40ah,,Battbee,https://www.wildberries.ru/catalog/91110319/detail.aspx,12.0,Китай,40.0
258,Аккумуляторная батарея КТ 12-7.2 12V 7.2А/ч Контакт,,,https://www.wildberries.ru/catalog/157014497/detail.aspx,,,
259,Аккумулятор 12V DTM 1212,,DELTA BATTERY,https://www.wildberries.ru/catalog/43052899/detail.aspx,12.0,Китай,12.0
260,Аккумулятор ALFA FB 40-12 12V 40Ah AGM,,Alfa Battery,https://www.wildberries.ru/catalog/167077062/detail.aspx,12.0,Китай,40.0
261,Аккумулятор Delta DTM12045 12V 4.5Ah AGM,,DELTA BATTERY,https://www.wildberries.ru/catalog/92110869/detail.aspx,12.0,Китай,4.5
262,Аккумулятор 12v вольт 1.2Ah - SF 12012,,Security Force,https://www.wildberries.ru/catalog/34858069/detail.aspx,,Китай,1.2
263,Аккумулятор 12v вольт 65Ah - SF 1265,,Security Force,https://www.wildberries.ru/catalog/38945000/detail.aspx,,Китай,65.0
264,Аккумулятор 12V вольт 18Ah - HR 12-18,,Delta,https://www.wildberries.ru/catalog/35643311/detail.aspx,12.0,Китай,18.0
265,Аккумуляторная батарея CSB GP 1272 F2 (28W) 12 В 7.2 Ач,,CSB,https://www.wildberries.ru/catalog/143547216/detail.aspx,12.0,Китай,7.2
266,Аккумуляторная батарея ALFA 12В 7.2АЧ / 12V 7.2Ah для ИБП,,Alfa Battery,https://www.wildberries.ru/catalog/140120347/detail.aspx,12.0,Китай,7.2
267,"Аккумулятор Delta DTM 12045 12V (4,5 Ач)",,DELTA BATTERY,https://www.wildberries.ru/catalog/102303063/detail.aspx,12.0,Китай,4.5
268,Аккумулятор BT 1240 12V 40Ah 12В 40Ач,,Battbee,https://www.wildberries.ru/catalog/95655033/detail.aspx,12.0,Китай,40.0
269,Аккумулятор SF 1240 12V 40Ah 12В 40Ач,,Security Force,https://www.wildberries.ru/catalog/92518753/detail.aspx,12.0,Китай,40.0
270,Аккумулятор 12V 1.3Ah,,ROBITON,https://www.wildberries.ru/catalog/200158948/detail.aspx,12.0,Китай,13.0
271,"Аккумулятор GS 1.2-12 12V 1,2Ah (1.2Ач)",,General Security,https://www.wildberries.ru/catalog/148018198/detail.aspx,12.0,Китай,1.2
272,Аккумулятор свинцово-кислотный GoPower LA-1245 12V 4.5Ah,,GoPower,https://www.wildberries.ru/catalog/25872187/detail.aspx,12.0,Китай,45.0
273,"Аккумуляторная батарея ALFA 12В 2,3АЧ для детской машинки",,Alfa Battery,https://www.wildberries.ru/catalog/140120351/detail.aspx,12.0,Китай,2.3
274,CSB GP 1272 28W F2 12V/7.2Ah,,CSB,https://www.wildberries.ru/catalog/163480211/detail.aspx,12.0,Китай,7.2
275,Аккумулятор 12V 18Аh,,ROBITON,https://www.wildberries.ru/catalog/180659806/detail.aspx,12.0,Китай,18.0
276,Аккумулятор 12V 9.0Аh,,Robiton,https://www.wildberries.ru/catalog/200162341/detail.aspx,12.0,Китай,
277,Аккумулятор 12V 3.3Аh,,ROBITON,https://www.wildberries.ru/catalog/176325160/detail.aspx,12.0,Китай,33.0
278,Аккумулятор RuTrike 6-F-20 20Ah 12V для ИБП,,RuTrike,https://www.wildberries.ru/catalog/148127100/detail.aspx,12.0,Китай,22.0
279,Аккумулятор Delta DT 1226 12V 26Ah AGM,,DELTA BATTERY,https://www.wildberries.ru/catalog/93057903/detail.aspx,12.0,Китай,26.0
280,"Аккумулятор BT 12022 12V 2.2Ah 12В 2,2Ач",,Battbee,https://www.wildberries.ru/catalog/95655029/detail.aspx,12.0,Китай,2.2
281,"Аккумулятор ибп 12v 18Ah T3/M5 котла, весов, электромобиля",,ZUBR,https://www.wildberries.ru/catalog/196206789/detail.aspx,12.0,Китай,18.0
282,Аккумулятор SF 1207 12v 7Ah,,Security Force,https://www.wildberries.ru/catalog/41538585/detail.aspx,12.0,Китай,7.0
283,Аккумулятор 12V DTM 1207,,DELTA BATTERY,https://www.wildberries.ru/catalog/40724193/detail.aspx,12.0,Китай,7.2
284,Аккумулятор DJW 12-7.0 12V 7Ah 12В 7Ач,,LEOCH,https://www.wildberries.ru/catalog/175911948/detail.aspx,12.0,Китай,7.0
285,Аккумулятор GS 4.5-12 12V 4.5Ah (4.5Ач),,General Security,https://www.wildberries.ru/catalog/148018206/detail.aspx,12.0,Китай,4.5
286,Аккумулятор 12V вольт 12Ah - SF 1212,,Security Force,https://www.wildberries.ru/catalog/34858085/detail.aspx,,Китай,12.0
287,Аккумулятор для ИБП BAT-12V5AH,,Energenie,https://www.wildberries.ru/catalog/215951487/detail.aspx,,Китай,
288,Аккумулятор FB 12-12 12V 12Ah AGM,,LFA,https://www.wildberries.ru/catalog/163240625/detail.aspx,,,
289,Аккумулятор 12V DT 1207,,DELTA BATTERY,https://www.wildberries.ru/catalog/40726390/detail.aspx,12.0,Китай,7.0
290,Аккумулятор Delta DT 1207 12v 7Ah,,DELTA BATTERY,https://www.wildberries.ru/catalog/33788814/detail.aspx,12.0,Китай,7.0
291,Аккумулятор Delta DTM12012 12V 1.2Ah AGM,,DELTA BATTERY,https://www.wildberries.ru/catalog/92127428/detail.aspx,12.0,Китай,1.2
292,Аккумулятор Delta HR 12v 12Аh для детского электромобиля,,DELTA BATTERY,https://www.wildberries.ru/catalog/147200465/detail.aspx,12.0,Китай,12.0
293,Аккумулятор DT 1212 12v 12Ah,,DELTA BATTERY,https://www.wildberries.ru/catalog/33788760/detail.aspx,12.0,Китай,12.0
294,"Аккумуляторная батарея КТ 12-4.5 12V 4,5А/ч Контакт",,unisistem,https://www.wildberries.ru/catalog/157033511/detail.aspx,12.0,Вьетнам,4.5
295,"Аккумуляторная батарея КТ 12-4.5 12V 4,5А/ч Контакт",,unisistem,https://www.wildberries.ru/catalog/157033320/detail.aspx,12.0,Вьетнам,4.5
296,Аккумулятор GS 9-12 F2 12V 9Ah (12В 9Ач),,General Security,https://www.wildberries.ru/catalog/148018215/detail.aspx,12.0,Китай,9.0
297,Аккумулятор 12V вольт 18Ah - SF 1218,,Security Force,https://www.wildberries.ru/catalog/145715182/detail.aspx,12.0,Китай,18.0
298,Батарея для ИБП,,Sven,https://www.wildberries.ru/catalog/46330228/detail.aspx,12.0,Китай,
299,Тяговый аккумулятор ELTRECO ОТ12-12 (6-F-12) 12V 12A/H,,Eltreco,https://www.wildberries.ru/catalog/175462992/detail.aspx,12.0,Китай,12.0
300,"Аккумулятор HR 12-4.5, 4.5Ач, аккумуляторная батарея 12В",,DELTA BATTERY,https://www.wildberries.ru/catalog/43052873/detail.aspx,12.0,Китай,4.5
301,"Аккумулятор ALFA FB 4.5-12 12V 4.5Ah 12В 4,5Ач",,Alfa Battery,https://www.wildberries.ru/catalog/139044379/detail.aspx,12.0,Китай,4.5
302,"Аккумулятор для ибп 12v 12Ah F2/T2 на бесперебойник, эхолот",,NPP,https://www.wildberries.ru/catalog/180404776/detail.aspx,12.0,Китай,12.0
303,Аккумулятор для ибп 12v 26Ah M5/T4 на детский электромобиль,,ATLANT,https://www.wildberries.ru/catalog/194125744/detail.aspx,12.0,Китай,26.0
304,Аккумулятор Delta DT 12012 12v 1.2Ah,,DELTA BATTERY,https://www.wildberries.ru/catalog/103958080/detail.aspx,12.0,Китай,1.2
305,Аккумулятор HR 12-40 12v 45Ah,,DELTA BATTERY,https://www.wildberries.ru/catalog/33788804/detail.aspx,12.0,Китай,45.0
306,Аккумулятор СК 1265 12v 65Аh,,Восток,https://www.wildberries.ru/catalog/45004761/detail.aspx,12.0,Китай,65.0
307,Аккумулятор HR 12-51W 12v 12Ah,,DELTA BATTERY,https://www.wildberries.ru/catalog/33788759/detail.aspx,12.0,Китай,12.0
308,Аккумулятор 12V DT 12008,,DELTA BATTERY,https://www.wildberries.ru/catalog/89132487/detail.aspx,12.0,Китай,0.8
309,Аккумулятор DTM 1205 12v 5Ah,,DELTA BATTERY,https://www.wildberries.ru/catalog/33788820/detail.aspx,12.0,Китай,5.0
310,Аккумулятор DTM 12008 12v 0.8Ah,,DELTA BATTERY,https://www.wildberries.ru/catalog/33788745/detail.aspx,12.0,Китай,0.8
311,Аккумулятор 12v вольт 26Ah - SF 1226,,Security Force,https://www.wildberries.ru/catalog/34858116/detail.aspx,,Китай,26.0
312,Аккумулятор HRL 12-75 X 12v 75Ah,,DELTA BATTERY,https://www.wildberries.ru/catalog/33788803/detail.aspx,12.0,Китай,75.0
313,Аккумулятор SF 1265 12v 65Ah,,Security Force,https://www.wildberries.ru/catalog/101317575/detail.aspx,12.0,Китай,65.0
314,Аккумулятор GX 12-33 12v 33Ah,,DELTA BATTERY,https://www.wildberries.ru/catalog/33788704/detail.aspx,12.0,Китай,33.0
315,Аккумулятор Delta DT 1226 12v 26Ah,,DELTA BATTERY,https://www.wildberries.ru/catalog/33788705/detail.aspx,12.0,Китай,26.0
316,Аккумулятор Delta DTM 1217 12v 17Ah,,DELTA BATTERY,https://www.wildberries.ru/catalog/33788793/detail.aspx,12.0,Китай,17.0
